record_id,title,year,study_type,evidence_strength,species,compound,claim_category,risk_flags,citation_status,maps_to_market,doi,pmid,url
21d24ef6-61e0-43bc-9b81-0a816b35f6fd,Acute Cordyceps militaris supplementation and elevated resting oxygen uptake with faster reaction times: A randomized crossover trial.,2026,rct,A_human_RCT,Cordyceps_militaris,cordycepin,exercise_performance,,candidate,research_only,10.1371/journal.pone.0351725,42455764,https://europepmc.org/article/MED/42455764
c292f106-fdff-4922-b287-028a2ac62dfa,Cordycepin ameliorates lipopolysaccharide-challenged C2C12 myotube shrinkage by regulating sodium channel kinetics and inhibiting the protein degradation pathway.,2026,observational_human,B_limited_human,Cordyceps_militaris,cordycepin,energy_fatigue,disease_language,needs_legal_review,research_only,10.1016/j.intimp.2026.117172,42492235,https://europepmc.org/article/MED/42492235
7e5e30bd-a015-4609-8169-75bdf82650c5,Fungal Carbonic Anhydrases: A Systematic Review from Molecular Profiling to Pathogenic Regulation in &lt;i&gt;Magnaporthe oryzae&lt;/i&gt;.,2026,systematic_review,F_review_only,unclear,cordycepin,antioxidant,,candidate,research_only,10.3390/jof12080555,42646082,https://europepmc.org/article/MED/42646082
7c27cabe-6c22-424f-bec5-50e01e8bb486,A Systematic Review of the Biological Effects of Cordycepin,2021,systematic_review,F_review_only,unclear,cordycepin,metabolic,disease_language,needs_legal_review,research_only,10.3390/molecules26195886,34641429,https://doi.org/10.3390/molecules26195886
f188584a-066a-4407-a883-795d7d00f011,A Systematic Review of the Biological Effects of Cordycepin.,2021,systematic_review,F_review_only,unclear,cordycepin,metabolic,disease_language,needs_legal_review,research_only,10.1159/000480181,34641429,https://pubmed.ncbi.nlm.nih.gov/34641429/
a8693206-38b9-47be-9b3a-4ba9ac7826df,Current Evidence of Ergogenic and Post-Exercise Recovery Effects of Dietary Supplementation with &lt;i&gt;Cordyceps militaris&lt;/i&gt; in Humans-A Narrative Review.,2026,review_narrative,F_review_only,Cordyceps_militaris,cordycepin,exercise_performance,,candidate,research_only,10.3390/nu18050781,41829950,https://europepmc.org/article/MED/41829950
fbae126e-af11-4048-9a0b-0490a2df0b52,[Research progress in synthesis of cordycepin by microorganisms].,2026,review_narrative,F_review_only,Cordyceps_militaris,cordycepin,other,,candidate,research_only,10.13345/j.cjb.260120,42773651,https://europepmc.org/article/MED/42773651
d5f49d17-e227-45aa-aeb7-0fd2b1126847,Influence of Culture Conditions on Bioactive Compounds in &lt;i&gt;Cordyceps militaris&lt;/i&gt;: A Comprehensive Review.,2025,review_narrative,F_review_only,Cordyceps_militaris,cordycepin,other,disease_language,approved,KR_liquor_context,10.3390/foods14193408,41097576,https://europepmc.org/article/MED/41097576
53be67ee-5439-4328-8b29-9c4f7155f5d0,Cordycepin: A review of strategies to improve the bioavailability and efficacy.,2023,review_narrative,F_review_only,Cordyceps_militaris,cordycepin,other,disease_language,needs_legal_review,research_only,10.1002/ptr.7921,37329165,https://pubmed.ncbi.nlm.nih.gov/37329165/
4ff4f381-2c9f-4ec8-a49e-6060a55139e3,Anti-inflammatory effects of cordycepin: A review.,2020,review_narrative,F_review_only,Cordyceps_militaris,cordycepin,immune,disease_language,needs_legal_review,research_only,10.1002/ptr.6890,33090621,https://pubmed.ncbi.nlm.nih.gov/33090621/
20b4472b-24aa-459a-a24c-c72bd212bf96,Correction: Cordyceps spp.: a review on its immune-stimulatory and other biological potentials.,2026,review_narrative,F_review_only,unclear,cordycepin,immune,,candidate,research_only,10.3389/fphar.2026.1952854,42699468,https://europepmc.org/article/MED/42699468
e6c3adb0-1484-4b5e-a56d-172b36623329,"Phytochemical and Fungal Bioactive Compounds in the ""Brain Health Triad"": A Narrative Review on Neurostimulating, Neurotrophic, and Neuroprotective Synergy.",2026,review_narrative,F_review_only,unclear,cordycepin,cognitive,,needs_legal_review,research_only,10.3390/ijms27083607,42074246,https://europepmc.org/article/MED/42074246
6bbc686c-d973-4bad-b37d-3cec9872a4c2,Cordycepin in cancer therapy: A bibliometric analysis and review of mechanisms.,2025,review_narrative,F_review_only,unclear,cordycepin,other,disease_language,needs_legal_review,research_only,10.38212/2224-6614.3566,41525190,https://pubmed.ncbi.nlm.nih.gov/41525190/
02ce56e8-cb49-49a8-ad58-bda82a3f5432,Cordycepin for Health and Wellbeing: A Potent Bioactive Metabolite of an Entomopathogenic Cordyceps Medicinal Fungus and Its Nutraceutical and Therapeutic Potential.,2020,review_narrative,F_review_only,unclear,cordycepin,immune,disease_language,needs_legal_review,research_only,10.3390/molecules24122231,32545666,https://pubmed.ncbi.nlm.nih.gov/32545666/
82120163-0997-4b57-884d-80951a657f72,The Anticancer Properties of Cordycepin and Their Underlying Mechanisms,2018,review_narrative,F_review_only,unclear,cordycepin,other,disease_language,needs_legal_review,research_only,10.3390/ijms19103027,30287757,https://doi.org/10.3390/ijms19103027
c575813b-0230-41a6-b12c-90b9a231e5f4,The Anticancer Properties of Cordycepin and Their Underlying Mechanisms.,2018,review_narrative,F_review_only,unclear,cordycepin,other,disease_language,needs_legal_review,research_only,10.1038/micronano.2017.104,30287757,https://pubmed.ncbi.nlm.nih.gov/30287757/
d7751294-5918-4b0a-851a-9f88822d4c85,Pharmacological and therapeutic potential of Cordyceps with special reference to Cordycepin,2013,review_narrative,F_review_only,unclear,cordycepin,anti_inflammatory,disease_language,needs_legal_review,research_only,10.1007/s13205-013-0121-9,28324458,https://doi.org/10.1007/s13205-013-0121-9
082ebf20-1966-421a-b6cd-15630a881946,Pharmacological research progress of cordycepin,2011,review_narrative,F_review_only,unclear,cordycepin,antioxidant,disease_language,needs_legal_review,research_only,,,https://openalex.org/W2355817458
3c004761-c6eb-41e2-abea-5efdb0948c60,An Acetyl-CoA-Gated Metabolic Checkpoint Links Precursor Supply to Cordycepin Biosynthesis in &lt;i&gt;Cordyceps militaris&lt;/i&gt;.,2026,animal,C_animal,Cordyceps_militaris,cordycepin,metabolic,preclinical_only,approved,KR_liquor_context,10.3390/cimb48040370,42042030,https://europepmc.org/article/MED/42042030
88d794cc-dec3-43ba-b2d1-515139a4ffb9,Cordycepin-mediated protection against bisphenol A-induced male reproductive toxicity via PI3K/mTOR/HIF-1α signaling.,2026,animal,C_animal,Cordyceps_militaris,cordycepin,antioxidant,preclinical_only,needs_legal_review,research_only,10.1016/j.foodres.2026.118968,41942214,https://pubmed.ncbi.nlm.nih.gov/41942214/
fcafe934-d800-491d-8c2a-5a70b07dd44e,Exploration of the potential utilization value in &lt;i&gt;Cordyceps militaris&lt;/i&gt; substrate after industrial cultivation in terms of nutritional and pharmaceutical applications.,2026,animal,C_animal,Cordyceps_militaris,cordycepin,other,preclinical_only,approved,KR_liquor_context,10.1177/00368504261467525,42444510,https://europepmc.org/article/MED/42444510
b2fbe123-5be2-4185-9ab2-20b1ade6e799,"Fermentation technology of Ganoderma lucidum and Cordyceps militaris: advances in process optimization, bioactive compound transformation, and functional food development.",2026,animal,C_animal,Cordyceps_militaris,cordycepin,other,preclinical_only,candidate,research_only,10.1093/lambio/ovag077,42720424,https://europepmc.org/article/MED/42720424
81fafc1c-9806-4626-afb3-fc89ba2a4b98,From Adenosine to Cordycepin: Biosynthesis and Substrate-Dependent Production Modes in <em>Cordyceps militaris</em>,2026,animal,C_animal,Cordyceps_militaris,cordycepin,metabolic,preclinical_only,candidate,research_only,10.20944/preprints202609.0280.v1,,https://doi.org/10.20944/preprints202609.0280.v1
8d37cf9b-ad14-45a2-97cd-9f113b34b0a5,Optimization of cordycepin fermentation by Cordyceps militaris via response surface methodology.,2026,animal,C_animal,Cordyceps_militaris,cordycepin,antioxidant,preclinical_only,approved,KR_liquor_context,10.1038/s41598-026-54117-8,42162183,https://europepmc.org/article/MED/42162183
0771f70a-a291-4ec7-b3c9-78a8e1218eeb,Advances in biosynthesis and metabolic engineering strategies of cordycepin.,2024,animal,C_animal,Cordyceps_militaris,cordycepin,metabolic,preclinical_only,approved,KR_liquor_context,10.16488/j.cnki.1005-9873.2007.02.015,38903790,https://pubmed.ncbi.nlm.nih.gov/38903790/
a33e9720-ec0e-41d3-8ad0-84efc0f34da7,Increased Cordycepin Production in Yarrowia lipolytica Using Combinatorial Metabolic Engineering Strategies.,2023,animal,C_animal,Cordyceps_militaris,cordycepin,metabolic,preclinical_only,approved,KR_liquor_context,10.1021/acssynbio.2c00570,36791366,https://pubmed.ncbi.nlm.nih.gov/36791366/
a4506213-7ac4-44bf-8a31-13ac729e911e,Construction of Cordycepin High-Production Strain and Optimization of Culture Conditions.,2022,animal,C_animal,Cordyceps_militaris,cordycepin,other,preclinical_only,approved,KR_liquor_context,10.1021/bp049765r,36459233,https://pubmed.ncbi.nlm.nih.gov/36459233/
51938d7a-3f12-4f88-84b4-276dc7705d6f,Research Progress on Cordycepin Synthesis and Methods for Enhancement of Cordycepin Production in Cordyceps militaris,2022,animal,C_animal,Cordyceps_militaris,cordycepin,other,preclinical_only,approved,KR_liquor_context,10.3390/bioengineering9020069,35200422,https://doi.org/10.3390/bioengineering9020069
88e6119b-89b3-431a-8dd3-5bc69c221182,Cordycepin confers long-term neuroprotection via inhibiting neutrophil infiltration and neuroinflammation after traumatic brain injury.,2021,animal,C_animal,Cordyceps_militaris,cordycepin,cognitive,preclinical_only,needs_legal_review,research_only,10.1007/s10753-019-01162-3,34130727,https://pubmed.ncbi.nlm.nih.gov/34130727/
6122902d-b342-43bb-a5db-a3eb949ecd52,A C-Nucleoside Analogue of Cordycepin With High Metabolic Stability and Potent Anti-Psoriatic Activity via Microneedle Delivery.,2026,animal,C_animal,Cordyceps_militaris,cordycepin,immune,disease_language|preclinical_only,needs_legal_review,research_only,10.1002/advs.77012,42554624,https://europepmc.org/article/MED/42554624
0d92bad9-bf26-4949-9113-3164771dde3e,Antithrombotic Effects of Cordycepin-Enriched WIB-801CE via Inhibition of Thromboxane A&lt;sub&gt;2&lt;/sub&gt;-Induced αIIbβ&lt;sub&gt;3&lt;/sub&gt; Activation and Thrombin-Mediated Fibrin Clot Retraction.,2026,animal,C_animal,Cordyceps_militaris,cordycepin,antioxidant,disease_language|preclinical_only,needs_legal_review,research_only,10.3390/ijms27052254,41828477,https://europepmc.org/article/MED/41828477
ba1693f8-7cfd-4f6a-aafe-b7c3747dccd3,Cordycepin Alleviates Acute Lung Injury by Targeting TAK1 to Inhibit MAPK and NF-κB Signaling Pathways.,2026,animal,C_animal,Cordyceps_militaris,cordycepin,respiratory,disease_language|preclinical_only,needs_legal_review,research_only,10.3390/biom16091279,42793111,https://europepmc.org/article/MED/42793111
68b42257-fd6b-4685-a4b8-d0ac1843c11a,Cordycepin alleviates aluminium chloride-induced neurodevelopmental toxicity in zebrafish embryos by modulating inflammation and Wnt signaling.,2026,animal,C_animal,Cordyceps_militaris,cordycepin,cognitive,disease_language|preclinical_only,needs_legal_review,research_only,10.1016/j.neuint.2026.106207,42314834,https://pubmed.ncbi.nlm.nih.gov/42314834/
92467bbc-5337-4cce-8b39-de7c0d310265,Cordycepin attenuates diabetic nephropathy by dual-pathway activation of TFEB to restore autophagy and ameliorate podocyte injury.,2026,animal,C_animal,Cordyceps_militaris,cordycepin,other,disease_language|preclinical_only,needs_legal_review,research_only,10.1016/j.molimm.2026.06.010,42322973,https://europepmc.org/article/MED/42322973
a4d90a2f-fab6-4680-9dcb-9c47bf60ce9d,Cordycepin attenuates nicotine-induced behavioral sensitization through inhibition of NF-κB signaling in rats.,2026,animal,C_animal,Cordyceps_militaris,cordycepin,antioxidant,disease_language|preclinical_only,needs_legal_review,research_only,10.1016/j.biopha.2026.119476,42284884,https://europepmc.org/article/MED/42284884
17c022eb-6201-4e53-b830-7b26b3ee6dbf,"Deciphering the Potential Mechanism of Cordycepin in Alleviating Ulcerative Colitis via the AKT1 Signaling Pathway: An Integrated Approach Combining Network Pharmacology, Molecular Docking, and Experimental Validation.",2026,animal,C_animal,Cordyceps_militaris,cordycepin,energy_fatigue,disease_language|preclinical_only,needs_legal_review,research_only,10.2147/jir.s599071,42609839,https://europepmc.org/article/MED/42609839
876f8ad0-8354-4dd5-8a84-c2182b68a82c,"Deciphering the anticancer potential of an entomopathogenic fungus, Cordyceps militaris in Dalton's Lymphoma transplanted murine model: a multidimensional approach involving computational methods and in vivo validation.",2026,animal,C_animal,Cordyceps_militaris,cordycepin,antioxidant,disease_language|preclinical_only,needs_legal_review,research_only,10.1007/s11010-026-05575-1,42183983,https://europepmc.org/article/MED/42183983
a83fb7d4-1977-4480-b5b4-99c90bb02c5c,Edible Fungus Compound Cordycepin Protects Against Acetaminophen-Induced Liver Injury.,2026,animal,C_animal,Cordyceps_militaris,cordycepin,antioxidant,disease_language|preclinical_only,needs_legal_review,research_only,10.1002/jcla.70266,42184123,https://europepmc.org/article/MED/42184123
90ae4d15-6cd0-4730-9c18-a913edbbeabe,Effects of cordycepin on antioxidant capacity and proliferative potential of buffalo spermatogonial cells in vitro.,2026,animal,C_animal,Cordyceps_militaris,cordycepin,antioxidant,disease_language|preclinical_only,needs_legal_review,research_only,10.1016/j.theriogenology.2026.118228,42822105,https://europepmc.org/article/MED/42822105
74a6de29-b74e-4382-96da-c8f72c86922d,Gut microbiome-targeted bile acid metabolomics integration reveals dietary cordycepin alleviates NAFLD in diabetic mice by enriching Clostridia and affecting the PXR/Sult2a1/CA7S.,2026,animal,C_animal,Cordyceps_militaris,cordycepin,metabolic,disease_language|preclinical_only,needs_legal_review,research_only,10.1016/j.jnutbio.2026.110500,42700824,https://europepmc.org/article/MED/42700824
8fcacd03-9843-48bb-8113-6a73c0de55d0,Harnessing iron nanoparticles for scalable cordycepin and adenosine production in &lt;i&gt;Cordyceps militaris&lt;/i&gt;.,2026,animal,C_animal,Cordyceps_militaris,cordycepin,antioxidant,disease_language|preclinical_only,approved,KR_liquor_context,10.1080/10826068.2026.2666122,42113971,https://europepmc.org/article/MED/42113971
28ccab46-af96-4c4b-96d7-e7f5f2055047,Metabolic effects of &lt;i&gt;Cordyceps militaris&lt;/i&gt; ethanol extract and cordycepin in mice with type 2 diabetes and hyperlipidaemia: gut microbial and bile acid-related changes.,2026,animal,C_animal,Cordyceps_militaris,cordycepin,metabolic,disease_language|preclinical_only,needs_legal_review,research_only,10.1039/d6fo02540d,42695401,https://europepmc.org/article/MED/42695401
1559116c-8ef2-4c3c-8a4b-c0602e2a9240,Microbial transformation and cordycepin co-administration enhanced incretin-related and prebiotic potentials of galactomannans from two herbs.,2026,animal,C_animal,Cordyceps_militaris,cordycepin,antioxidant,disease_language|preclinical_only,needs_legal_review,research_only,10.1016/j.ijbiomac.2026.154612,42785407,https://europepmc.org/article/MED/42785407
3776d637-356e-4eda-bcf7-5599e2748bec,Molecular Mechanisms of Temperature-Regulated Cordycepin Biosynthesis in &lt;i&gt;Cordyceps militaris&lt;/i&gt;.,2026,animal,C_animal,Cordyceps_militaris,cordycepin,metabolic,disease_language|preclinical_only,approved,KR_liquor_context,10.3390/jof12020118,41745261,https://europepmc.org/article/MED/41745261
1d4b7305-8d08-46aa-8d83-febc43df23dd,Multi-Target Neuroprotective Effects of Cordycepin and Adenosine from &lt;i&gt;Cordyceps militaris&lt;/i&gt; Against Amyloid-β-Induced Neurotoxicity.,2026,animal,C_animal,Cordyceps_militaris,cordycepin,cognitive,disease_language|preclinical_only,needs_legal_review,research_only,10.3390/biomedicines14081862,42652243,https://europepmc.org/article/MED/42652243
bbb2d78d-682d-42ec-86ea-c9e7fb9e3daa,Transcriptome analysis reveals the promoting mechanism of corn steep liquor protein hydrolysate on cordycepin biosynthesis of Cordyceps militaris.,2026,animal,C_animal,Cordyceps_militaris,cordycepin,immune,disease_language|preclinical_only,needs_legal_review,research_only,10.1007/s00449-026-03410-x,42754687,https://europepmc.org/article/MED/42754687
4839f6f4-3ab0-4845-b9a5-e6c88bd66986,Cordycepin Mitigates Sepsis-Associated Encephalopathy by Promoting Microglial M2 Polarization via the IL-17a/IL-17RA/NF-κB Axis.,2025,animal,C_animal,Cordyceps_militaris,cordycepin,cognitive,disease_language|preclinical_only,needs_legal_review,research_only,10.1016/j.ijbiomac.2024.130079,41254325,https://pubmed.ncbi.nlm.nih.gov/41254325/
5fcc9b60-68ff-4e5b-863f-316c6ab27422,Cordycepin Mitigates Sepsis-Associated Encephalopathy by Promoting Microglial M2 Polarization via the IL-17a/IL-17RA/NF-κB Axis.,2025,animal,C_animal,Cordyceps_militaris,cordycepin,cognitive,disease_language|preclinical_only,needs_legal_review,research_only,10.1007/s12035-025-05399-y,41254325,https://europepmc.org/article/MED/41254325
59b4b6fc-6521-4915-bd22-4aac8f63b2e7,Evaluation of antidepressant and sleep-promoting effects of cordycepin in a menopause-like stress model.,2025,animal,C_animal,Cordyceps_militaris,cordycepin,cognitive,disease_language|preclinical_only,needs_legal_review,research_only,10.1016/j.biopha.2025.118766,41223765,https://pubmed.ncbi.nlm.nih.gov/41223765/
18ced5a0-d84d-4f2c-b9d6-295ab7f0f10b,Telomere-to-Telomere Assembly of the &lt;i&gt;Cordyceps militaris&lt;/i&gt; CH1 Genome and Integrated Transcriptomic and Metabolomic Analyses Provide New Insights into Cordycepin Biosynthesis Under Light Stress.,2025,animal,C_animal,Cordyceps_militaris,cordycepin,immune,disease_language|preclinical_only,needs_legal_review,research_only,10.3390/jof11060461,40558975,https://europepmc.org/article/MED/40558975
