slug,title,year,study_type,evidence_strength,doi,path
trends-in-the-immunomodulatory-effects-of-cordyc-2020-33328984,"Trends in the Immunomodulatory Effects of Cordyceps militaris: Total Extracts, Polysaccharides and Cordycepin",2020,review_narrative,F_review_only,10.3389/fphar.2020.575704,content/research/trends-in-the-immunomodulatory-effects-of-cordyc-2020-33328984.md
anti-inflammatory-effects-of-cordycepin-a-review-2020-33090621,Anti-inflammatory effects of cordycepin: A review.,2020,review_narrative,F_review_only,10.1002/ptr.6890,content/research/anti-inflammatory-effects-of-cordycepin-a-review-2020-33090621.md
cordycepin-for-health-and-wellbeing-a-potent-bio-2020-32545666,Cordycepin for Health and Wellbeing: A Potent Bioactive Metabolite of an Entomopathogenic Medicinal Fungus Cordyceps with Its Nutraceutical and Therapeutic Potential,2020,review_narrative,F_review_only,10.3390/molecules25122735,content/research/cordycepin-for-health-and-wellbeing-a-potent-bio-2020-32545666.md
cordyceps-polysaccharides-a-review-of-their-immu-2024-39519748,Cordyceps Polysaccharides: A Review of Their Immunomodulatory Effects.,2024,review_narrative,F_review_only,10.1089/jmf.2011.1575,content/research/cordyceps-polysaccharides-a-review-of-their-immu-2024-39519748.md
a-systematic-review-of-the-biological-effects-of-2021-34641429,A Systematic Review of the Biological Effects of Cordycepin,2021,systematic_review,F_review_only,10.3390/molecules26195886,content/research/a-systematic-review-of-the-biological-effects-of-2021-34641429.md
current-evidence-of-ergogenic-and-post-exercise--2026-41829950,Current Evidence of Ergogenic and Post-Exercise Recovery Effects of Dietary Supplementation with Cordyceps militaris in Humans-A Narrative Review.,2026,review_narrative,F_review_only,10.3390/nu18050781,content/research/current-evidence-of-ergogenic-and-post-exercise--2026-41829950.md
correction-cordyceps-spp-a-review-on-its-immune--2026-42699468,Correction: Cordyceps spp.: a review on its immune-stimulatory and other biological potentials.,2026,review_narrative,F_review_only,10.3389/fphar.2026.1952854,content/research/correction-cordyceps-spp-a-review-on-its-immune--2026-42699468.md
an-immunomodulatory-mushroom-cordyceps-militaris-2026-41432716,"An Immunomodulatory Mushroom, Cordyceps militaris, and Its Constituents: A Review of In Vitro/In Vivo Studies and Clinical Trials.",2026,animal,C_animal,10.1002/ptr.70144,content/research/an-immunomodulatory-mushroom-cordyceps-militaris-2026-41432716.md
immunomodulation-and-protective-effects-of-cordy-2024-39590481,Immunomodulation and Protective Effects of Cordyceps militaris Extract Against Candida albicans Infection in Galleria mellonella Larvae.,2024,animal,C_animal,10.1038/s41598-019-41140-1,content/research/immunomodulation-and-protective-effects-of-cordy-2024-39590481.md
effect-of-cordyceps-militaris-hot-water-extract--2019-32055207,"Effect of Cordyceps militaris Hot Water Extract on Immunomodulation-associated Gene Expression in Broilers, Gallus gallus.",2019,animal,C_animal,10.2141/jpsa.0180067,content/research/effect-of-cordyceps-militaris-hot-water-extract--2019-32055207.md
immunomodulatory-and-antioxidative-activity-of-c-2016-26853825,Immunomodulatory and antioxidative activity of Cordyceps militaris polysaccharides in mice.,2016,animal,C_animal,10.1016/j.ijbiomac.2016.02.009,content/research/immunomodulatory-and-antioxidative-activity-of-c-2016-26853825.md
cordycepin-exhibits-anti-fatigue-effect-via-acti-2022-36399798,Cordycepin exhibits anti-fatigue effect via activating TIGAR/SIRT1/PGC-1α signaling pathway.,2022,animal,C_animal,10.1016/j.bbrc.2022.11.010,content/research/cordycepin-exhibits-anti-fatigue-effect-via-acti-2022-36399798.md
beneficial-effect-of-cordyceps-militaris-on-exer-2020-33312018,Beneficial Effect of Cordyceps militaris on Exercise Performance via Promoting Cellular Energy Production.,2020,animal,C_animal,10.1080/12298093.2020.1831135,content/research/beneficial-effect-of-cordyceps-militaris-on-exer-2020-33312018.md
current-evidence-and-practical-considerations-fo-2026-42588175,"Current Evidence and Practical Considerations for Adaptogen Use in Exercise Recovery, Training Adaptation, and Exercise Performance in Athletes: A Narrative Review.",2026,review_narrative,F_review_only,10.3390/nu18152552,content/research/current-evidence-and-practical-considerations-fo-2026-42588175.md
skeletal-muscle-mitochondrial-methylation-neurot-2026-42682565,"Skeletal muscle mitochondrial-methylation-neurotransmitter crosstalk: a novel synergistic model of betaine, tyrosine, and Cordyceps for exercise performance in older adults, individuals with metabolic disorders, and healthy populations.",2026,animal,C_animal,10.3389/fnut.2026.1812286,content/research/skeletal-muscle-mitochondrial-methylation-neurot-2026-42682565.md
structure-analysis-and-antioxidant-activity-of-p-2021-33639188,Structure analysis and antioxidant activity of polysaccharide-iron (III) from Cordyceps militaris mycelia.,2021,animal,C_animal,10.1016/j.ijbiomac.2021.02.163,content/research/structure-analysis-and-antioxidant-activity-of-p-2021-33639188.md
cordycepin-attenuated-cyclophosphamide-ctx-induc-2025-40695148,Cordycepin attenuated cyclophosphamide (CTX)-induced immunosuppression in mice via EGFR/Nrf2 antioxidant signaling pathway.,2025,animal,C_animal,10.1016/j.intimp.2025.115235,content/research/cordycepin-attenuated-cyclophosphamide-ctx-induc-2025-40695148.md
cordycepin-alleviated-metabolic-inflammation-in--2022-35346845,Cordycepin alleviated metabolic inflammation in Western diet-fed mice by targeting intestinal barrier integrity and intestinal flora.,2022,animal,C_animal,10.1016/j.phrs.2022.106191,content/research/cordycepin-alleviated-metabolic-inflammation-in--2022-35346845.md
